[
  { "vocabulary": "身内", "hiragana": "みうち", "mean": "họ hàng, bà con thân thuộc" },
  { "vocabulary": "肉親", "hiragana": "にくしん", "mean": "mối quan hệ máu mủ, gần gũi" },
  { "vocabulary": "配偶者", "hiragana": "はいぐうしゃ", "mean": "người phối ngẫu (vợ hoặc chồng)" },
  { "vocabulary": "家系", "hiragana": "かけい", "mean": "dòng họ, nòi giống, dòng dõi gia đình; 家系図: sơ đồ gia hệ (gia phả)" },
  { "vocabulary": "お袋", "hiragana": "おふくろ", "mean": "mẹ, mẹ đẻ" },
  { "vocabulary": "親父", "hiragana": "おやじ", "mean": "bố, bố đẻ" },
  { "vocabulary": "寄越す", "hiragana": "よこす", "mean": "chuyển đến, gửi đến, cử đi" },
  { "vocabulary": "女房", "hiragana": "にょうぼう", "mean": "vợ mình" },
  { "vocabulary": "亭主", "hiragana": "ていしゅ", "mean": "chồng mình" },
  { "vocabulary": "温もり", "hiragana": "ぬくもり", "mean": "sự ấm áp" },
  { "vocabulary": "授かる", "hiragana": "さずかる", "mean": "thu được, lĩnh được" },
  { "vocabulary": "名付ける", "hiragana": "なづける", "mean": "đặt tên, gọi tên" },
  { "vocabulary": "すやすや", "hiragana": "すやすや", "mean": "ngủ say, ngủ ngon (chỉ giấc ngủ của em bé); âm thanh ngủ nhẹ nhàng của trẻ" },
  { "vocabulary": "しぐさ", "hiragana": "しぐさ", "mean": "điệu bộ, cử chỉ" },
  { "vocabulary": "愛しい", "hiragana": "いとしい", "mean": "đáng yêu, dễ mến" },
  { "vocabulary": "懐く", "hiragana": "なつく", "mean": "thân quen, quấn quít, bám lấy" },
  { "vocabulary": "ねだる", "hiragana": "ねだる", "mean": "nằn nì xin xỏ, kì kèo xin xỏ" },
  { "vocabulary": "すねる", "hiragana": "すねる", "mean": "hờn dỗi" },
  { "vocabulary": "指図＜する＞", "hiragana": "さしず＜する＞", "mean": "mệnh lệnh, chỉ huy, chỉ thị" },
  { "vocabulary": "横取り＜する＞", "hiragana": "よこどり＜する＞", "mean": "cưỡng đoạt, chiếm đoạt" },
  { "vocabulary": "反発＜する＞", "hiragana": "はんぱつ＜する＞", "mean": "chống đối, cự tuyệt, khước từ" },
  { "vocabulary": "家出＜する＞", "hiragana": "いえで＜する＞", "mean": "bỏ nhà ra đi" },
  { "vocabulary": "ぎくしゃく＜する＞", "hiragana": "ぎくしゃく＜する＞", "mean": "cảm giác căng thẳng, không suôn sẻ" },
  { "vocabulary": "言い返す", "hiragana": "いいかえす", "mean": "nói lại, cãi lại" },
  { "vocabulary": "言い張る", "hiragana": "いいはる", "mean": "khăng khăng, cố nài nỉ" },
  { "vocabulary": "門限", "hiragana": "もんげん", "mean": "giờ giới nghiêm" },
  { "vocabulary": "さんざん＜な＞", "hiragana": "さんざん＜な＞", "mean": "nghiêm khắc, khắc nghiệt, thảm hại" },
  { "vocabulary": "省みる", "hiragana": "かえりみる", "mean": "suy nghĩ, ngẫm nghĩ lại" },
  { "vocabulary": "さも", "hiragana": "さも", "mean": "nếu, dù; dường như" },
  { "vocabulary": "やまやまな", "hiragana": "やまやまな", "mean": "có mong muốn mạnh mẽ" },
  { "vocabulary": "再婚＜する＞", "hiragana": "さいこん＜する＞", "mean": "tái hôn" },
  { "vocabulary": "健在な", "hiragana": "けんざいな", "mean": "khỏe mạnh, vẫn còn sống" },
  { "vocabulary": "いたわる", "hiragana": "いたわる", "mean": "quan tâm, chăm sóc" },
  { "vocabulary": "他界＜する＞", "hiragana": "たかい＜する＞", "mean": "qua đời" },
  { "vocabulary": "受け継ぐ", "hiragana": "うけつぐ", "mean": "thừa kế, kế tục" },
  { "vocabulary": "遺産", "hiragana": "いさん", "mean": "di sản, tài sản thừa kế" }
]